# spoken	URL	label
en	https://commons.wikimedia.org/wiki/File:ScienceCasts-_The_Zero_Gravity_Coffee_Cup.webm	clip: English, NASA (Commons)
en	https://commons.wikimedia.org/wiki/File:VOA%E2%80%99s_Matt_Dibble_reports_on_Helix_electric_aircraft_%E2%80%93_VOA_News.webm	clip: English, VOA Helix (Commons)
zh	https://commons.wikimedia.org/wiki/File:2011-07-26_%E7%BE%8E%E5%9B%BD%E4%B9%8B%E9%9F%B3%E6%96%B0%E9%97%BB-_%E6%8C%AA%E5%A8%81%E9%83%A8%E9%95%BF%E7%A7%B0%E8%AD%A6%E6%96%B9%E5%8F%8D%E5%BA%94%E7%B2%BE%E5%BD%A9.webm	clip: Mandarin, VOA Norway (Commons)
zh	https://commons.wikimedia.org/wiki/File:%E5%8F%B0%E6%B9%BE%E5%87%86%E5%A4%87%E8%BF%8E%E6%88%98%E5%BC%BA%E5%8F%B0%E9%A3%8E.webm	clip: Mandarin, VOA Taiwan (Commons)
bn	https://commons.wikimedia.org/wiki/File:%E0%A6%9A%E0%A6%BF%E0%A6%95%E0%A6%BF%E0%A7%8E%E0%A6%B8%E0%A6%BE%E0%A6%B0_%E0%A6%9C%E0%A6%A8%E0%A7%8D%E0%A6%AF_%E0%A6%A2%E0%A6%BE%E0%A6%95%E0%A6%BE%E0%A6%AF%E0%A6%BC_%E0%A6%A4%E0%A6%B0%E0%A6%BF%E0%A6%95%E0%A7%81%E0%A6%B2.webm	clip: Bengali, Maasranga (Commons)
bn	https://commons.wikimedia.org/wiki/File:WIKITONGUES-_Sanjoy_speaking_Bengali.webm	clip: Bengali, Wikitongues (Commons)
bn	https://www.youtube.com/watch?v=-tpVpbIxFmI	clip: Bengali film scene (YouTube)
zh	https://www.youtube.com/watch?v=6wKj4RxZ-tw	yt zh: CCTV news (zh title)
zh	https://www.youtube.com/watch?v=aUBYYtK5dMo	yt zh: VOA Chinese (zh title)
zh	https://www.youtube.com/watch?v=32nb60sDz7k	yt zh: FatSongsong cooking vlog (en title)
zh	https://www.youtube.com/watch?v=Iv4ptLWGkLc	yt zh: YOUKU drama, "ENG SUB" (en title)
zh	https://www.youtube.com/watch?v=YCIFNPMu0hs	yt zh: Better in Chinese Streettalk (en title)
en	https://www.youtube.com/watch?v=BjoSdBR3Rig	yt en: BBC News (en title)
en	https://www.youtube.com/watch?v=v07kPyPkLYw	yt en: English conversation lesson (en title)
en	https://www.youtube.com/watch?v=gN9dlisaQVM	yt en: TED re-upload, bilingual subs (zh title)
en	https://www.youtube.com/watch?v=qQuNLzX90_8	yt en: Jobs Stanford speech re-upload (zh title)
en	https://www.youtube.com/watch?v=H14bBuluwB8	yt en: TED official (title English on the watch page, Chinese in search results)
bn	https://www.youtube.com/watch?v=O_0ktrSPGWI	yt bn: BBC News Bangla (bn title)
bn	https://www.youtube.com/watch?v=1W-eMwOEZVI	yt bn: Bangla natok (bn + Latin title)
bn	https://www.youtube.com/watch?v=zTC-FeZtMSE	yt bn: Durga Pujo vlog (romanised Bengali title)
bn	https://www.youtube.com/watch?v=8UR3uqOMJpY	yt bn: Prothom Alo news (title Bengali on the watch page, English in search results)
bn	https://www.youtube.com/watch?v=xdbeC1GfcZU	yt bn: Kolkata food vlog (en title)
en	https://www.youtube.com/watch?v=ij4eTi79Ajo	yt en (extra): short drama dubbed into English ("ENG SUB" title)
